Workbook
Name intervalo_pesos: 'Estimativa retorno carteira'!$B$3:$X$3
Name matriz_covariancia: Covariância!$B$2:$X$24

Sheet Dados - Histórico retorno
A1: Mes/Ano | B1: PETR4 | C1: ITUB4 | D1: VALE3 | E1: BBAS3 | F1: GOOGL | G1: NVDA | H1: NDAQ | I1: META | J1: AMZN | K1: VOO | L1: QBTC11 | M1: BTC | N1: USDC | O1: SOL | P1: Rendimentos Mensais - CRA M. DIAS BRANCO - MAR/2031 | Q1: ARX Hedge FIC Incentivado Financeiro em Infra RF RL | R1: BNP Paribas RF FIF RF | S1: Daycoval Classic CIC FIRF CP RL | T1: Plural Yield FIF RF Referenciado DI RL | U1: Sparta Debêntures Incentivadas 45 FIC de FIF Infra RF RL | V1: Trend Investback FIC FIRF Simples RL | W1: XP Debêntures Incentivadas CDI CP FIF Incentivado de Investimento em Infra RF RL | X1: JP Morgan Global High Yield Bond A (acc) - USD
A2: jan/2022 | B2: 0.068314286 | C2: 0.0097571429 | D2: -0.014985714 | E2: 0.050028571 | F2: -0.028414286 | G2: -0.051042857 | H2: 0.0040857143 | I2: -0.080228571 | J2: -0.012671429 | K2: -0.015571429 | L2: -0.076771429 | M2: -0.070171429 | N2: 5.7142857e-05 | O2: -0.11424286 | P2: 0.0088 | Q2: 0.0076 | R2: 0.006 | S2: 0.0081 | T2: 0.0076 | U2: 0.010593878 | V2: 0.0077 | W2: 0.0084 | X2: -0.0086647462
A3: fev/2022 | B3: 0.051 | C3: 0.0068 | D3: 0.1411 | E3: 0.0781 | F3: -0.0018 | G3: -0.0041 | H3: -0.045 | I3: -0.3263 | J3: 0.0267 | K3: -0.0298 | L3: -0.0178 | M3: 0.1224 | N3: 0.0003 | O3: -0.0022 | P3: 0.0135 | Q3: 0.0126 | R3: 0.0081 | S3: 0.0092 | T3: 0.0076 | U3: 0.010357143 | V3: 0.0084 | W3: 0.0099 | X3: -0.0067382716
A4: mar/2022 | B4: -0.0162 | C4: 0.0797 | D4: 0.0758 | E4: 0.0155 | F4: 0.0297 | G4: 0.1192 | H4: 0.0445 | I4: 0.0537 | J4: 0.0614 | K4: 0.0379 | L4: 0.0731 | M4: 0.0543 | N4: -0.0004 | O4: 0.2325 | P4: 0.0196 | Q4: 0.007 | R4: 0.0138 | S4: 0.0109 | T4: 0.0091 | U4: 0.0073 | V4: 0.0091 | W4: 0.0099 | X4: -0.0065444444
A5: abr/2022 | B5: -0.0097 | C5: -0.1308 | D5: -0.1288 | E5: -0.0427 | F5: -0.1795 | G5: -0.3203 | H5: -0.1169 | I5: -0.0984 | J5: -0.2375 | K5: -0.0878 | L5: -0.1187 | M5: -0.1718 | N5: 0.0008 | O5: -0.3063 | P5: 0.014 | Q5: 0.0098 | R5: 0.0103 | S5: 0.0094 | T5: 0.0073 | U5: 0.0091 | V5: 0.0077 | W5: 0.0095 | X5: -0.0315
A6: mai/2022 | B6: 0.1063 | C6: 0.0967 | D6: 0.0351 | E6: 0.1219 | F6: -0.003 | G6: 0.0067 | H6: -0.0134 | I6: -0.0341 | J6: -0.0328 | K6: 0.0026 | L6: -0.2136 | M6: -0.157 | N6: -0.0001 | O6: -0.4622 | P6: 0.0081 | Q6: 0.0132 | R6: 0.0098 | S6: 0.0111 | T6: 0.0105 | U6: 0.0146 | V6: 0.0107 | W6: 0.0128 | X6: 0.0004
A7: jun/2022 | B7: -0.0709 | C7: -0.1328 | D7: -0.1119 | E7: -0.0817 | F7: -0.0422 | G7: -0.188 | H7: -0.0137 | I7: -0.1673 | J7: -0.1165 | K7: -0.0826 | L7: -0.3425 | M7: -0.3777 | N7: -0.0003 | O7: -0.2661 | P7: 0.0101 | Q7: 0.0112 | R7: 0.0077 | S7: 0.0111 | T7: 0.0101 | U7: 0.0118 | V7: 0.0103 | W7: 0.0116 | X7: -0.0642
A8: jul/2022 | B8: 0.2227 | C8: 0.0427 | D8: -0.0889 | E8: 0.0776 | F8: 0.0675 | G8: 0.1982 | H8: 0.1859 | I8: -0.0133 | J8: 0.2706 | K8: 0.092 | L8: 0.2379 | M8: 0.1795 | N8: -0.0001 | O8: 0.2623 | P8: -0.0034 | Q8: 0.0127 | R8: 0.0089 | S8: 0.011 | T8: 0.0103 | U8: 0.0108 | V8: 0.0104 | W8: 0.011 | X8: 0.0586
A9: ago/2022 | B9: 0.195 | C9: 0.106 | D9: -0.0273 | E9: 0.1815 | F9: -0.0696 | G9: -0.169 | H9: -0.0128 | I9: 0.0241 | J9: -0.0606 | K9: -0.0413 | L9: -0.1558 | M9: -0.1409 | N9: 0.0002 | O9: -0.2577 | P9: -0.0002 | Q9: 0.0097 | R9: 0.0122 | S9: 0.0128 | T9: 0.0118 | U9: 0.0102 | V9: 0.0118 | W9: 0.0091 | X9: -0.0199
A10: set/2022 | B10: -0.1032 | C10: 0.0879 | D10: 0.1169 | E10: -0.0699 | F10: -0.1162 | G10: -0.1955 | H10: -0.0448 | I10: -0.1672 | J10: -0.1086 | K10: -0.092 | L10: 0.0262 | M10: -0.0308 | N10: 0 | O10: 0.0553 | P10: 0.0005 | Q10: 0.0076 | R10: 0.011 | S10: 0.0118 | T10: 0.0108 | U10: 0.0087 | V10: 0.0108 | W10: 0.0068 | X10: -0.0416
A11: out/2022 | B11: 0.0003 | C11: 0.0841 | D11: -0.0682 | E11: -0.0389 | F11: -0.0119 | G11: 0.1119 | H11: 0.0981 | I11: -0.3134 | J11: -0.0935 | K11: 0.0812 | L11: 0.0105 | M11: 0.0548 | N11: -0.0001 | O11: -0.0181 | P11: 0.0093 | Q11: 0.0008 | R11: 0.0107 | S11: 0.0112 | T11: 0.0103 | U11: 0.0009 | V11: 0.0104 | W11: 0.0009 | X11: 0.0335
A12: nov/2022 | B12: -0.0432 | C12: -0.1442 | D12: 0.2768 | E12: -0.0247 | F12: 0.0686 | G12: 0.2542 | H12: 0.0999 | I12: 0.2677 | J12: -0.0576 | K12: 0.0551 | L12: -0.184 | M12: -0.1623 | N12: 0 | O12: -0.5672 | P12: 0.0075 | Q12: 0.01 | R12: 0.0055 | S12: 0.0109 | T12: 0.01 | U12: 0.0062 | V12: 0.0101 | W12: 0.007 | X12: 0.0106
A13: dez/2022 | B13: -0.081 | C13: -0.0188 | D13: 0.0405 | E13: -0.0054 | F13: -0.1263 | G13: -0.1364 | H13: -0.1012 | I13: 0.019 | J13: -0.1299 | K13: -0.0573 | L13: -0.0109 | M13: -0.0362 | N13: 0 | O13: -0.2943 | P13: 0.0096 | Q13: 0.0107 | R13: 0.0109 | S13: 0.012 | T13: 0.0113 | U13: 0.0101 | V13: 0.0113 | W13: 0.0111 | X13: -0.0048
... A49: dez/2025 | B49: -0.0002 | C49: 0.0263 | D49: 0.1235 | E49: -0.0193 | F49: -0.0191 | G49: 0.0596 | H49: 0.0831 | I49: 0.0286 | J49: -0.003 | K49: 0.0081 | L49: -0.0131 | M49: -0.0217 | N49: -0.0001 | O49: -0.0646 | P49: 0.0074 | Q49: 0.0082 | R49: 0.0107 | S49: 0.0125 | T49: 0.0121 | U49: 0.009 | V49: 0.0122 | W49: 0.0084 | X49: 0.0083
B53: 100

Sheet Covariância
B1: PETR4 | C1: ITUB4 | D1: VALE3 | E1: BBAS3 | F1: GOOGL | G1: NVDA | H1: NDAQ | I1: META | J1: AMZN | K1: VOO | L1: QBTC11 | M1: BTC | N1: USDC | O1: SOL | P1: Rendimentos Mensais - CRA M. DIAS BRANCO - MAR/2031 | Q1: ARX Hedge FIC Incentivado Financeiro em Infra RF RL | R1: BNP Paribas RF FIF RF | S1: Daycoval Classic CIC FIRF CP RL | T1: Plural Yield FIF RF Referenciado DI RL | U1: Sparta Debêntures Incentivadas 45 FIC de FIF Infra RF RL | V1: Trend Investback FIC FIRF Simples RL | W1: XP Debêntures Incentivadas CDI CP FIF Incentivado de Investimento em Infra RF RL | X1: JP Morgan Global High Yield Bond A (acc) - USD
A2: PETR4 | B2: =VARP('Dados - Histórico retorno'!$B$2:$B$49) -> 0.0064921551 | C2: =B3 -> 0.0006916875 | D2: =B4 -> -0.0010220322 | E2: =B5 -> 0.002703855 | F2: =B6 -> 0.00068299472 | G2: =B7 -> 0.00098593081 | H2: =B8 -> 0.00064654546 | I2: =B9 -> 0.00080065103 | J2: =B10 -> 0.0025212181 | K2: =B11 -> 0.00080738168 | L2: =B12 -> -0.00050851056 | M2: =B13 -> -3.3189459e-05 | N2: =B14 -> 2.194649e-06 | O2: =B15 -> -0.00082113921 | P2: =B16 -> -0.00011979283 | Q2: =B17 -> 0.00011784561 | R2: =B18 -> 1.725434e-07 | S2: =B19 -> 1.6494183e-05 | T2: =B20 -> 4.517464e-06 | U2: =B21 -> 9.7813708e-05 | V2: =B22 -> 4.3699138e-06 | W2: =B23 -> 4.7942429e-05 | X2: =B24 -> 0.00044281003
A3: ITUB4 | B3: 0.0006916875 | C3: =VARP('Dados - Histórico retorno'!$C$2:$C$49) -> 0.0046490679 | D3: =C4 -> 0.00047849205 | E3: =C5 -> 0.002483738 | F3: =C6 -> 0.00036512042 | G3: =C7 -> 0.00043380767 | H3: =C8 -> 0.00079222566 | I3: =C9 -> 0.00019363114 | J3: =C10 -> 0.001262228 | K3: =C11 -> 0.00095871379 | L3: =C12 -> 0.0016084055 | M3: =C13 -> 0.0024356491 | N3: =C14 -> -1.4611009e-06 | O3: =C15 -> 0.0063990685 | P3: =C16 -> -7.1707538e-05 | Q3: =C17 -> -7.3494451e-06 | R3: =C18 -> 6.950947e-05 | S3: =C19 -> 2.1117528e-05 | T3: =C20 -> 1.2255403e-05 | U3: =C21 -> 6.2268371e-05 | V3: =C22 -> 9.188861e-06 | W3: =C23 -> 1.6016827e-05 | X3: =C24 -> 0.0005339433
A4: VALE3 | B4: -0.0010220322 | C4: 0.00047849205 | D4: =VARP('Dados - Histórico retorno'!$D$2:$D$49) -> 0.0062723736 | E4: =D5 -> 0.00031803036 | F4: =D6 -> 0.00082596031 | G4: =D7 -> 0.00013252015 | H4: =D8 -> 0.00017416433 | I4: =D9 -> 0.00015569394 | J4: =D10 -> -9.6142988e-05 | K4: =D11 -> 0.00036053205 | L4: =D12 -> -0.0012467997 | M4: =D13 -> -0.00036501903 | N4: =D14 -> -3.0608049e-06 | O4: =D15 -> 0.00022503679 | P4: =D16 -> -8.8354328e-06 | Q4: =D17 -> -1.738465e-05 | R4: =D18 -> 4.9711892e-06 | S4: =D19 -> 3.440861e-05 | T4: =D20 -> 2.0738818e-05 | U4: =D21 -> -1.2067964e-05 | V4: =D22 -> 2.0345695e-05 | W4: =D23 -> -4.7461842e-05 | X4: =D24 -> 0.00020552062
A5: BBAS3 | B5: 0.002703855 | C5: 0.002483738 | D5: 0.00031803036 | E5: =VARP('Dados - Histórico retorno'!$E$2:$E$49) -> 0.0049488143 | F5: =E6 -> 0.00021688616 | G5: =E7 -> -0.0002353866 | H5: =E8 -> -0.00057330521 | I5: =E9 -> 0.0010433155 | J5: =E10 -> 0.0013355297 | K5: =E11 -> 0.00044177407 | L5: =E12 -> -5.2479124e-06 | M5: =E13 -> 0.0013366679 | N5: =E14 -> 2.2365598e-06 | O5: =E15 -> 0.0050194679 | P5: =E16 -> -5.1932393e-05 | Q5: =E17 -> -1.9702598e-05 | R5: =E18 -> 3.3078351e-05 | S5: =E19 -> -1.7467258e-05 | T5: =E20 -> -9.4104415e-07 | U5: =E21 -> 5.383883e-05 | V5: =E22 -> -1.6621863e-06 | W5: =E23 -> -2.9437225e-05 | X5: =E24 -> 0.00035274197
A6: GOOGL | B6: 0.00068299472 | C6: 0.00036512042 | D6: 0.00082596031 | E6: 0.00021688616 | F6: =VARP('Dados - Histórico retorno'!$F$2:$F$49) -> 0.0068483485 | G6: =F7 -> 0.0063096042 | H6: =F8 -> 0.0015274918 | I6: =F9 -> 0.0031888918 | J6: =F10 -> 0.0048784319 | K6: =F11 -> 0.0020348757 | L6: =F12 -> 0.0022349079 | M6: =F13 -> 0.0027032795 | N6: =F14 -> -1.837854e-06 | O6: =F15 -> 0.0074946396 | P6: =F16 -> -8.294442e-05 | Q6: =F17 -> 7.6656868e-05 | R6: =F18 -> 3.4336354e-05 | S6: =F19 -> 1.2807835e-05 | T6: =F20 -> 3.5595461e-05 | U6: =F21 -> 0.00010608321 | V6: =F22 -> 3.4059665e-05 | W6: =F23 -> 4.6505045e-05 | X6: =F24 -> 0.00065999615
A7: NVDA | B7: 0.00098593081 | C7: 0.00043380767 | D7: 0.00013252015 | E7: -0.0002353866 | F7: 0.0063096042 | G7: =VARP('Dados - Histórico retorno'!$G$2:$G$49) -> 0.021744313 | H7: =G8 -> 0.0032785441 | I7: =G9 -> 0.010459091 | J7: =G10 -> 0.009303307 | K7: =G11 -> 0.0049085851 | L7: =G12 -> 0.0099458845 | M7: =G13 -> 0.010557117 | N7: =G14 -> -7.3547765e-06 | O7: =G15 -> 0.016823294 | P7: =G16 -> 7.8823227e-06 | Q7: =G17 -> 0.00021778531 | R7: =G18 -> 1.8836207e-05 | S7: =G19 -> -3.9836535e-05 | T7: =G20 -> 2.38345e-05 | U7: =G21 -> 0.00013690119 | V7: =G22 -> 2.3075979e-05 | W7: =G23 -> 0.00010095078 | X7: =G24 -> 0.0015742881
A8: NDAQ | B8: 0.00064654546 | C8: 0.00079222566 | D8: 0.00017416433 | E8: -0.00057330521 | F8: 0.0015274918 | G8: 0.0032785441 | H8: =VARP('Dados - Histórico retorno'!$H$2:$H$49) -> 0.0046285523 | I8: =H9 -> 0.0012285193 | J8: =H10 -> 0.0026618086 | K8: =H11 -> 0.0018795041 | L8: =H12 -> 0.0021912685 | M8: =H13 -> 0.0020914083 | N8: =H14 -> -1.54062e-06 | O8: =H15 -> 0.0064605184 | P8: =H16 -> -7.5495522e-05 | Q8: =H17 -> -1.4470706e-05 | R8: =H18 -> -6.1836024e-06 | S8: =H19 -> 2.2348238e-05 | T8: =H20 -> 1.1982825e-06 | U8: =H21 -> -3.5367934e-05 | V8: =H22 -> -2.1351625e-07 | W8: =H23 -> -2.2370086e-05 | X8: =H24 -> 0.0008078638
A9: META | B9: 0.00080065103 | C9: 0.00019363114 | D9: 0.00015569394 | E9: 0.0010433155 | F9: 0.0031888918 | G9: 0.010459091 | H9: 0.0012285193 | I9: =VARP('Dados - Histórico retorno'!$I$2:$I$49) -> 0.016223657 | J9: =I10 -> 0.0052720021 | K9: =I11 -> 0.002646773 | L9: =I12 -> 0.0066780622 | M9: =I13 -> 0.0066633961 | N9: =I14 -> -4.1210892e-06 | O9: =I15 -> 0.010973611 | P9: =I16 -> -1.8721938e-05 | Q9: =I17 -> 0.00013818726 | R9: =I18 -> 1.1997005e-05 | S9: =I19 -> -5.6978536e-05 | T9: =I20 -> 1.3356469e-05 | U9: =I21 -> 0.00010427079 | V9: =I22 -> 9.6497861e-06 | W9: =I23 -> 8.8230324e-05 | X9: =I24 -> 0.00078836151
A10: AMZN | B10: 0.0025212181 | C10: 0.001262228 | D10: -9.6142988e-05 | E10: 0.0013355297 | F10: 0.0048784319 | G10: 0.009303307 | H10: 0.0026618086 | I10: 0.0052720021 | J10: =VARP('Dados - Histórico retorno'!$J$2:$J$49) -> 0.0088038926 | K10: =J11 -> 0.0029210924 | L10: =J12 -> 0.0087181858 | M10: =J13 -> 0.0091356855 | N10: =J14 -> -4.1706872e-06 | O10: =J15 -> 0.017736281 | P10: =J16 -> -0.00010288469 | Q10: =J17 -> 0.00010365021 | R10: =J18 -> 1.9206892e-05 | S10: =J19 -> -9.985279e-06 | T10: =J20 -> 1.6735206e-05 | U10: =J21 -> 0.00011772586 | V10: =J22 -> 1.6205001e-05 | W10: =J23 -> 4.7717775e-05 | X10: =J24 -> 0.0010683689
A11: VOO | B11: 0.00080738168 | C11: 0.00095871379 | D11: 0.00036053205 | E11: 0.00044177407 | F11: 0.0020348757 | G11: 0.0049085851 | H11: 0.0018795041 | I11: 0.002646773 | J11: 0.0029210924 | K11: =VARP('Dados - Histórico retorno'!$K$2:$K$49) -> 0.0020095473 | L11: =K12 -> 0.0032113795 | M11: =K13 -> 0.0036322474 | N11: =K14 -> -1.7516396e-06 | O11: =K15 -> 0.0065465822 | P11: =K16 -> -2.9317463e-05 | Q11: =K17 -> 4.1997437e-05 | R11: =K18 -> 1.5368281e-05 | S11: =K19 -> 1.1368043e-06 | T11: =K20 -> 4.9398586e-06 | U11: =K21 -> 3.2849821e-05 | V11: =K22 -> 3.8154874e-06 | W11: =K23 -> 1.6534859e-05 | X11: =K24 -> 0.0007592854
A12: QBTC11 | B12: -0.00050851056 | C12: 0.0016084055 | D12: -0.0012467997 | E12: -5.2479124e-06 | F12: 0.0022349079 | G12: 0.0099458845 | H12: 0.0021912685 | I12: 0.0066780622 | J12: 0.0087181858 | K12: 0.0032113795 | L12: =VARP('Dados - Histórico retorno'!$L$2:$L$49) -> 0.023916439 | M12: =L13 -> 0.023232778 | N12: =L14 -> -2.8611076e-06 | O12: =L15 -> 0.040508298 | P12: =L16 -> -2.159494e-06 | Q12: =L17 -> 1.4687723e-05 | R12: =L18 -> -1.0853542e-05 | S12: =L19 -> -7.510692e-05 | T12: =L20 -> -3.0350923e-05 | U12: =L21 -> -4.2149537e-05 | V12: =L22 -> -3.0592664e-05 | W12: =L23 -> -2.5340506e-05 | X12: =L24 -> 0.0012628865
A13: BTC | B13: -3.3189459e-05 | C13: 0.0024356491 | D13: -0.00036501903 | E13: 0.0013366679 | F13: 0.0027032795 | G13: 0.010557117 | H13: 0.0020914083 | I13: 0.0066633961 | J13: 0.0091356855 | K13: 0.0036322474 | L13: 0.023232778 | M13: =VARP('Dados - Histórico retorno'!$M$2:$M$49) -> 0.024234281 | N13: =M14 -> -1.9821548e-06 | O13: =M15 -> 0.041515468 | P13: =M16 -> 1.6763827e-06 | Q13: =M17 -> 2.8215931e-05 | R13: =M18 -> 1.6803559e-06 | S13: =M19 -> -7.4719381e-05 | T13: =M20 -> -2.5903831e-05 | U13: =M21 -> -1.3656418e-05 | V13: =M22 -> -2.4485064e-05 | W13: =M23 -> -2.9162407e-05 | X13: =M24 -> 0.0014045396
A14: USDC | B14: 2.194649e-06 | C14: -1.4611009e-06 | D14: -3.0608049e-06 | E14: 2.2365598e-06 | F14: -1.837854e-06 | G14: -7.3547765e-06 | H14: -1.54062e-06 | I14: -4.1210892e-06 | J14: -4.1706872e-06 | K14: -1.7516396e-06 | L14: -2.8611076e-06 | M14: -1.9821548e-06 | N14: =VARP('Dados - Histórico retorno'!$N$2:$N$49) -> 4.0275563e-08 | O14: =N15 -> -1.8246054e-06 | P14: =N16 -> -6.4587054e-08 | Q14: =N17 -> -2.7795759e-08 | R14: =N18 -> 3.6588542e-08 | S14: =N19 -> 8.9341518e-09 | T14: =N20 -> -4.921503e-08 | U14: =N21 -> 6.9480268e-08 | V14: =N22 -> -4.0184152e-08 | W14: =N23 -> -4.4735863e-08 | X14: =N24 -> -1.6709151e-07
A15: SOL | B15: -0.00082113921 | C15: 0.0063990685 | D15: 0.00022503679 | E15: 0.0050194679 | F15: 0.0074946396 | G15: 0.016823294 | H15: 0.0064605184 | I15: 0.010973611 | J15: 0.017736281 | K15: 0.0065465822 | L15: 0.040508298 | M15: 0.041515468 | N15: -1.8246054e-06 | O15: =VARP('Dados - Histórico retorno'!$O$2:$O$49) -> 0.12097168 | P15: =O16 -> -9.7111948e-05 | Q15: =O17 -> -0.00013158266 | R15: =O18 -> 7.2181102e-05 | S15: =O19 -> -0.00014280857 | T15: =O20 -> -4.1195812e-05 | U15: =O21 -> -9.5626644e-05 | V15: =O22 -> -4.555574e-05 | W15: =O23 -> -0.00033828661 | X15: =O24 -> 0.0028773503
A16: Rendimentos Mensais - CRA M. DIAS BRANCO - MAR/2031 | B16: -0.00011979283 | C16: -7.1707538e-05 | D16: -8.8354328e-06 | E16: -5.1932393e-05 | F16: -8.294442e-05 | G16: 7.8823227e-06 | H16: -7.5495522e-05 | I16: -1.8721938e-05 | J16: -0.00010288469 | K16: -2.9317463e-05 | L16: -2.159494e-06 | M16: 1.6763827e-06 | N16: -6.4587054e-08 | O16: -9.7111948e-05 | P16: =VARP('Dados - Histórico retorno'!$P$2:$P$49) -> 1.5396233e-05 | Q16: =P17 -> -4.0551997e-06 | R16: =P18 -> -6.6085069e-07 | S16: =P19 -> -2.909974e-06 | T16: =P20 -> -2.1452951e-06 | U16: =P21 -> -4.8775997e-06 | V16: =P22 -> -1.9937066e-06 | W16: =P23 -> -2.0949479e-06 | X16: =P24 -> -1.9151047e-05
A17: ARX Hedge FIC Incentivado Financeiro em Infra RF RL | B17: 0.00011784561 | C17: -7.3494451e-06 | D17: -1.738465e-05 | E17: -1.9702598e-05 | F17: 7.6656868e-05 | G17: 0.00021778531 | H17: -1.4470706e-05 | I17: 0.00013818726 | J17: 0.00010365021 | K17: 4.1997437e-05 | L17: 1.4687723e-05 | M17: 2.8215931e-05 | N17: -2.7795759e-08 | O17: -0.00013158266 | P17: -4.0551997e-06 | Q17: =VARP('Dados - Histórico retorno'!$Q$2:$Q$49) -> 5.3816871e-05 | R17: =Q18 -> 9.5094618e-07 | S17: =Q19 -> 8.306237e-06 | T17: =Q20 -> 1.8835851e-06 | U17: =Q21 -> 4.1870915e-05 | V17: =Q22 -> 1.7992491e-06 | W17: =Q23 -> 4.0502786e-05 | X17: =Q24 -> 8.87056e-06
A18: BNP Paribas RF FIF RF | B18: 1.725434e-07 | C18: 6.950947e-05 | D18: 4.9711892e-06 | E18: 3.3078351e-05 | F18: 3.4336354e-05 | G18: 1.8836207e-05 | H18: -6.1836024e-06 | I18: 1.1997005e-05 | J18: 1.9206892e-05 | K18: 1.5368281e-05 | L18: -1.0853542e-05 | M18: 1.6803559e-06 | N18: 3.6588542e-08 | O18: 7.2181102e-05 | P18: -6.6085069e-07 | Q18: 9.5094618e-07 | R18: =VARP('Dados - Histórico retorno'!$R$2:$R$49) -> 4.168316e-06 | S18: =R19 -> 1.6247135e-06 | T18: =R20 -> 1.8394965e-06 | U18: =R21 -> 3.5128956e-06 | V18: =R22 -> 1.7588976e-06 | W18: =R23 -> 1.1685938e-06 | X18: =R24 -> 4.8684844e-06
A19: Daycoval Classic CIC FIRF CP RL | B19: 1.6494183e-05 | C19: 2.1117528e-05 | D19: 3.440861e-05 | E19: -1.7467258e-05 | F19: 1.2807835e-05 | G19: -3.9836535e-05 | H19: 2.2348238e-05 | I19: -5.6978536e-05 | J19: -9.985279e-06 | K19: 1.1368043e-06 | L19: -7.510692e-05 | M19: -7.4719381e-05 | N19: 8.9341518e-09 | O19: -0.00014280857 | P19: -2.909974e-06 | Q19: 8.306237e-06 | R19: 1.6247135e-06 | S19: =VARP('Dados - Histórico retorno'!$S$2:$S$49) -> 4.3843359e-06 | T19: =S20 -> 1.6680469e-06 | U19: =S21 -> 8.3522436e-06 | V19: =S22 -> 1.5458724e-06 | W19: =S23 -> 7.4454427e-06 | X19: =S24 -> -1.1032595e-06
A20: Plural Yield FIF RF Referenciado DI RL | B20: 4.517464e-06 | C20: 1.2255403e-05 | D20: 2.0738818e-05 | E20: -9.4104415e-07 | F20: 3.5595461e-05 | G20: 2.38345e-05 | H20: 1.1982825e-06 | I20: 1.3356469e-05 | J20: 1.6735206e-05 | K20: 4.9398586e-06 | L20: -3.0350923e-05 | M20: -2.5903831e-05 | N20: -4.921503e-08 | O20: -4.1195812e-05 | P20: -2.1452951e-06 | Q20: 1.8835851e-06 | R20: 1.8394965e-06 | S20: 1.6680469e-06 | T20: =VARP('Dados - Histórico retorno'!$T$2:$T$49) -> 2.0124826e-06 | U20: =T21 -> 2.4014316e-06 | V20: =T22 -> 1.9266753e-06 | W20: =T23 -> 1.0629687e-06 | X20: =T24 -> 7.0547412e-07
A21: Sparta Debêntures Incentivadas 45 FIC de FIF Infra RF RL | B21: 9.7813708e-05 | C21: 6.2268371e-05 | D21: -1.2067964e-05 | E21: 5.383883e-05 | F21: 0.00010608321 | G21: 0.00013690119 | H21: -3.5367934e-05 | I21: 0.00010427079 | J21: 0.00011772586 | K21: 3.2849821e-05 | L21: -4.2149537e-05 | M21: -1.3656418e-05 | N21: 6.9480268e-08 | O21: -9.5626644e-05 | P21: -4.8775997e-06 | Q21: 4.1870915e-05 | R21: 3.5128956e-06 | S21: 8.3522436e-06 | T21: 2.4014316e-06 | U21: =VARP('Dados - Histórico retorno'!$U$2:$U$49) -> 4.1004908e-05 | V21: =U22 -> 2.2107723e-06 | W21: =U23 -> 3.4785425e-05 | X21: =U24 -> 4.5622563e-06
A22: Trend Investback FIC FIRF Simples RL | B22: 4.3699138e-06 | C22: 9.188861e-06 | D22: 2.0345695e-05 | E22: -1.6621863e-06 | F22: 3.4059665e-05 | G22: 2.3075979e-05 | H22: -2.1351625e-07 | I22: 9.6497861e-06 | J22: 1.6205001e-05 | K22: 3.8154874e-06 | L22: -3.0592664e-05 | M22: -2.4485064e-05 | N22: -4.0184152e-08 | O22: -4.555574e-05 | P22: -1.9937066e-06 | Q22: 1.7992491e-06 | R22: 1.7588976e-06 | S22: 1.5458724e-06 | T22: 1.9266753e-06 | U22: 2.2107723e-06 | V22: =VARP('Dados - Histórico retorno'!$V$2:$V$49) -> 1.8723915e-06 | W22: =V23 -> 9.6351562e-07 | X22: =V24 -> 4.6067486e-07
A23: XP Debêntures Incentivadas CDI CP FIF Incentivado de Investimento em Infra RF RL | B23: 4.7942429e-05 | C23: 1.6016827e-05 | D23: -4.7461842e-05 | E23: -2.9437225e-05 | F23: 4.6505045e-05 | G23: 0.00010095078 | H23: -2.2370086e-05 | I23: 8.8230324e-05 | J23: 4.7717775e-05 | K23: 1.6534859e-05 | L23: -2.5340506e-05 | M23: -2.9162407e-05 | N23: -4.4735863e-08 | O23: -0.00033828661 | P23: -2.0949479e-06 | Q23: 4.0502786e-05 | R23: 1.1685938e-06 | S23: 7.4454427e-06 | T23: 1.0629687e-06 | U23: 3.4785425e-05 | V23: 9.6351562e-07 | W23: =VARP('Dados - Histórico retorno'!$W$2:$W$49) -> 3.539526e-05 | X23: =W24 -> -3.5971914e-06
A24: JP Morgan Global High Yield Bond A (acc) - USD | B24: 0.00044281003 | C24: 0.0005339433 | D24: 0.00020552062 | E24: 0.00035274197 | F24: 0.00065999615 | G24: 0.0015742881 | H24: 0.0008078638 | I24: 0.00078836151 | J24: 0.0010683689 | K24: 0.0007592854 | L24: 0.0012628865 | M24: 0.0014045396 | N24: -1.6709151e-07 | O24: 0.0028773503 | P24: -1.9151047e-05 | Q24: 8.87056e-06 | R24: 4.8684844e-06 | S24: -1.1032595e-06 | T24: 7.0547412e-07 | U24: 4.5622563e-06 | V24: 4.6067486e-07 | W24: -3.5971914e-06 | X24: =VARP('Dados - Histórico retorno'!$X$2:$X$49) -> 0.00039672038

Sheet Correlação
B1: PETR4 | C1: ITUB4 | D1: VALE3 | E1: BBAS3 | F1: GOOGL | G1: NVDA | H1: NDAQ | I1: META | J1: AMZN | K1: VOO | L1: QBTC11 | M1: BTC | N1: USDC | O1: SOL | P1: Rendimentos Mensais - CRA M. DIAS BRANCO - MAR/2031 | Q1: ARX Hedge FIC Incentivado Financeiro em Infra RF RL | R1: BNP Paribas RF FIF RF | S1: Daycoval Classic CIC FIRF CP RL | T1: Plural Yield FIF RF Referenciado DI RL | U1: Sparta Debêntures Incentivadas 45 FIC de FIF Infra RF RL | V1: Trend Investback FIC FIRF Simples RL | W1: XP Debêntures Incentivadas CDI CP FIF Incentivado de Investimento em Infra RF RL | X1: JP Morgan Global High Yield Bond A (acc) - USD
A2: PETR4 | B2: 1 | C2: =B3 -> 0.12590198 | D2: =B4 -> -0.16016005 | E2: =B5 -> 0.47702196 | F2: =B6 -> 0.10243066 | G2: =B7 -> 0.082981092 | H2: =B8 -> 0.11794568 | I2: =B9 -> 0.078014342 | J2: =B10 -> 0.33348677 | K2: =B11 -> 0.22352975 | L2: =B12 -> -0.040809125 | M2: =B13 -> -0.002646005 | N2: =B14 -> 0.13572186 | O2: =B15 -> -0.029300868 | P2: =B16 -> -0.37890396 | Q2: =B17 -> 0.19936997 | R2: =B18 -> 0.0010488747 | S2: =B19 -> 0.097765239 | T2: =B20 -> 0.03952157 | U2: =B21 -> 0.18957775 | V2: =B22 -> 0.039635113 | W2: =B23 -> 0.10001221 | X2: =B24 -> 0.27591846
A3: ITUB4 | B3: 0.12590198 | C3: 1 | D3: =C4 -> 0.08860859 | E3: =C5 -> 0.51781217 | F3: =C6 -> 0.064708339 | G3: =C7 -> 0.043146088 | H3: =C8 -> 0.1707825 | I3: =C9 -> 0.022295534 | J3: =C10 -> 0.19729565 | K3: =C11 -> 0.31365839 | L3: =C12 -> 0.15253319 | M3: =C13 -> 0.22946513 | N3: =C14 -> -0.10677669 | O3: =C15 -> 0.26983107 | P3: =C16 -> -0.26802459 | Q3: =C17 -> -0.014693064 | R3: =C18 -> 0.49932202 | S3: =C19 -> 0.14791364 | T3: =C20 -> 0.12670057 | U3: =C21 -> 0.14261547 | V3: =C22 -> 0.09848734 | W3: =C23 -> 0.039483985 | X3: =C24 -> 0.39316056
A4: VALE3 | B4: -0.16016005 | C4: 0.08860859 | D4: 1 | E4: =D5 -> 0.057082376 | F4: =D6 -> 0.12602314 | G4: =D7 -> 0.011347315 | H4: =D8 -> 0.032323671 | I4: =D9 -> 0.015434102 | J4: =D10 -> -0.012937915 | K4: =D11 -> 0.10154974 | L4: =D12 -> -0.10179641 | M4: =D13 -> -0.029606324 | N4: =D14 -> -0.19257454 | O4: =D15 -> 0.0081695044 | P4: =D16 -> -0.028431818 | Q4: =D17 -> -0.02992201 | R4: =D18 -> 0.030744258 | S4: =D19 -> 0.207491 | T4: =D20 -> 0.18458737 | U4: =D21 -> -0.023795791 | V4: =D22 -> 0.18774062 | W4: =D23 -> -0.10072936 | X4: =D24 -> 0.13028583
A5: BBAS3 | B5: 0.47702196 | C5: 0.51781217 | D5: 0.057082376 | E5: 1 | F5: =E6 -> 0.037255323 | G5: =E7 -> -0.022691244 | H5: =E8 -> -0.11978784 | I5: =E9 -> 0.11643692 | J5: =E10 -> 0.20233248 | K5: =E11 -> 0.14008787 | L5: =E12 -> -0.00048237828 | M5: =E13 -> 0.12205564 | N5: =E14 -> 0.15841968 | O5: =E15 -> 0.20514703 | P5: =E16 -> -0.18813973 | Q5: =E17 -> -0.038178046 | R5: =E18 -> 0.23031008 | S5: =E19 -> -0.11858295 | T5: =E20 -> -0.0094296017 | U5: =E21 -> 0.11951629 | V5: =E22 -> -0.017267552 | W5: =E23 -> -0.070335362 | X5: =E24 -> 0.251747
A6: GOOGL | B6: 0.10243066 | C6: 0.064708339 | D6: 0.12602314 | E6: 0.037255323 | F6: 1 | G6: =F7 -> 0.51705452 | H6: =F8 -> 0.27130848 | I6: =F9 -> 0.30253281 | J6: =F10 -> 0.62827525 | K6: =F11 -> 0.54852426 | L6: =F12 -> 0.17462984 | M6: =F13 -> 0.20983743 | N6: =F14 -> -0.11066168 | O6: =F15 -> 0.260385 | P6: =F16 -> -0.25543889 | Q6: =F17 -> 0.12626963 | R6: =F18 -> 0.20322678 | S6: =F19 -> 0.073914711 | T6: =F20 -> 0.30320449 | U6: =F21 -> 0.20018697 | V6: =F22 -> 0.30078011 | W6: =F23 -> 0.094457095 | X6: =F24 -> 0.4004112
A7: NVDA | B7: 0.082981092 | C7: 0.043146088 | D7: 0.011347315 | E7: -0.022691244 | F7: 0.51705452 | G7: 1 | H7: =G8 -> 0.32680267 | I7: =G9 -> 0.55686091 | J7: =G10 -> 0.67239912 | K7: =G11 -> 0.7425648 | L7: =G12 -> 0.43613637 | M7: =G13 -> 0.45989366 | N7: =G14 -> -0.24852828 | O7: =G15 -> 0.32801698 | P7: =G16 -> 0.013623043 | Q7: =G17 -> 0.20132445 | R7: =G18 -> 0.062566272 | S7: =G19 -> -0.12901993 | T7: =G20 -> 0.11393762 | U7: =G21 -> 0.14498279 | V7: =G22 -> 0.1143639 | W7: =G23 -> 0.11507058 | X7: =G24 -> 0.53600534
A8: NDAQ | B8: 0.11794568 | C8: 0.1707825 | D8: 0.032323671 | E8: -0.11978784 | F8: 0.27130848 | G8: 0.32680267 | H8: 1 | I8: =H9 -> 0.14177023 | J8: =H10 -> 0.41698157 | K8: =H11 -> 0.61627076 | L8: =H12 -> 0.20826905 | M8: =H13 -> 0.19747002 | N8: =H14 -> -0.11283715 | O8: =H15 -> 0.27302531 | P8: =H16 -> -0.28280779 | Q8: =H17 -> -0.028993986 | R8: =H18 -> -0.044518309 | S8: =H19 -> 0.15688044 | T8: =H20 -> 0.012415681 | U8: =H21 -> -0.081183763 | V8: =H22 -> -0.0022935595 | W8: =H23 -> -0.055267841 | X8: =H24 -> 0.59617437
A9: META | B9: 0.078014342 | C9: 0.022295534 | D9: 0.015434102 | E9: 0.11643692 | F9: 0.30253281 | G9: 0.55686091 | H9: 0.14177023 | I9: 1 | J9: =I10 -> 0.4411272 | K9: =I11 -> 0.46354639 | L9: =I12 -> 0.33902196 | M9: =I13 -> 0.33605177 | N9: =I14 -> -0.16121923 | O9: =I15 -> 0.24770416 | P9: =I16 -> -0.037460123 | Q9: =I17 -> 0.14788851 | R9: =I18 -> 0.046133686 | S9: =I19 -> -0.2136412 | T9: =I20 -> 0.073918174 | U9: =I21 -> 0.12784106 | V9: =I22 -> 0.055366234 | W9: =I23 -> 0.11643162 | X9: =I24 -> 0.31074832
A10: AMZN | B10: 0.33348677 | C10: 0.19729565 | D10: -0.012937915 | E10: 0.20233248 | F10: 0.62827525 | G10: 0.67239912 | H10: 0.41698157 | I10: 0.4411272 | J10: 1 | K10: =J11 -> 0.6944785 | L10: =J12 -> 0.60081463 | M10: =J13 -> 0.62544439 | N10: =J14 -> -0.22148761 | O10: =J15 -> 0.54347969 | P10: =J16 -> -0.2794513 | Q10: =J17 -> 0.15058219 | R10: =J18 -> 0.10026271 | S10: =J19 -> -0.050824244 | T10: =J20 -> 0.12572673 | U10: =J21 -> 0.19593706 | V10: =J22 -> 0.1262157 | W10: =J23 -> 0.085481132 | X10: =J24 -> 0.57166501
A11: VOO | B11: 0.22352975 | C11: 0.31365839 | D11: 0.10154974 | E11: 0.14008787 | F11: 0.54852426 | G11: 0.7425648 | H11: 0.61627076 | I11: 0.46354639 | J11: 0.6944785 | K11: 1 | L11: =K12 -> 0.46322742 | M11: =K13 -> 0.52048861 | N11: =K14 -> -0.19470397 | O11: =K15 -> 0.4198785 | P11: =K16 -> -0.16667483 | Q11: =K17 -> 0.12770692 | R11: =K18 -> 0.16791746 | S11: =K19 -> 0.01211113 | T11: =K20 -> 0.077678232 | U11: =K21 -> 0.11443687 | V11: =K22 -> 0.062201745 | W11: =K23 -> 0.061998162 | X11: =K24 -> 0.85038125
A12: QBTC11 | B12: -0.040809125 | C12: 0.15253319 | D12: -0.10179641 | E12: -0.00048237828 | F12: 0.17462984 | G12: 0.43613637 | H12: 0.20826905 | I12: 0.33902196 | J12: 0.60081463 | K12: 0.46322742 | L12: 1 | M12: =L13 -> 0.96502333 | N12: =L14 -> -0.092186032 | O12: =L15 -> 0.75310213 | P12: =L16 -> -0.0035587422 | Q12: =L17 -> 0.01294634 | R12: =L18 -> -0.034375016 | S12: =L19 -> -0.23194221 | T12: =L20 -> -0.13834312 | U12: =L21 -> -0.042562452 | V12: =L22 -> -0.14456751 | W12: =L23 -> -0.027541936 | X12: =L24 -> 0.40999051
A13: BTC | B13: -0.002646005 | C13: 0.22946513 | D13: -0.029606324 | E13: 0.12205564 | F13: 0.20983743 | G13: 0.45989366 | H13: 0.19747002 | I13: 0.33605177 | J13: 0.62544439 | K13: 0.52048861 | L13: 0.96502333 | M13: 1 | N13: =M14 -> -0.063445626 | O13: =M15 -> 0.76674861 | P13: =M16 -> 0.0027444218 | Q13: =M17 -> 0.024707004 | R13: =M18 -> 0.0052869583 | S13: =M19 -> -0.22922727 | T13: =M20 -> -0.1172959 | U13: =M21 -> -0.013699472 | V13: =M22 -> -0.11494441 | W13: =M23 -> -0.031487323 | X13: =M24 -> 0.45297752
A14: USDC | B14: 0.13572186 | C14: -0.10677669 | D14: -0.19257454 | E14: 0.15841968 | F14: -0.11066168 | G14: -0.24852828 | H14: -0.11283715 | I14: -0.16121923 | J14: -0.22148761 | K14: -0.19470397 | L14: -0.092186032 | M14: -0.063445626 | N14: 1 | O14: =N15 -> -0.026140042 | P14: =N16 -> -0.082019559 | Q14: =N17 -> -0.018879848 | R14: =N18 -> 0.08929846 | S14: =N19 -> 0.021260849 | T14: =N20 -> -0.17286651 | U14: =N21 -> 0.054065814 | V14: =N22 -> -0.14633077 | W14: =N23 -> -0.037468167 | X14: =N24 -> -0.041801446
A15: SOL | B15: -0.029300868 | C15: 0.26983107 | D15: 0.0081695044 | E15: 0.20514703 | F15: 0.260385 | G15: 0.32801698 | H15: 0.27302531 | I15: 0.24770416 | J15: 0.54347969 | K15: 0.4198785 | L15: 0.75310213 | M15: 0.76674861 | N15: -0.026140042 | O15: 1 | P15: =O16 -> -0.071157973 | Q15: =O17 -> -0.051570052 | R15: =O18 -> 0.10164858 | S15: =O19 -> -0.19609227 | T15: =O20 -> -0.083492052 | U15: =O21 -> -0.042935757 | V15: =O22 -> -0.095720048 | W15: =O23 -> -0.16348217 | X15: =O24 -> 0.41534466
A16: CRA M. DIAS BRANCO - MAR/2031 | B16: -0.37890396 | C16: -0.26802459 | D16: -0.028431818 | E16: -0.18813973 | F16: -0.25543889 | G16: 0.013623043 | H16: -0.28280779 | I16: -0.037460123 | J16: -0.2794513 | K16: -0.16667483 | L16: -0.0035587422 | M16: 0.0027444218 | N16: -0.082019559 | O16: -0.071157973 | P16: 1 | Q16: =P17 -> -0.14087885 | R16: =P18 -> -0.082492754 | S16: =P19 -> -0.35418483 | T16: =P20 -> -0.38540181 | U16: =P21 -> -0.19412479 | V16: =P22 -> -0.37132628 | W16: =P23 -> -0.089741524 | X16: =P24 -> -0.24504342
A17: ARX Hedge FIC Incentivado Financeiro em Infra RF RL | B17: 0.19936997 | C17: -0.014693064 | D17: -0.02992201 | E17: -0.038178046 | F17: 0.12626963 | G17: 0.20132445 | H17: -0.028993986 | I17: 0.14788851 | J17: 0.15058219 | K17: 0.12770692 | L17: 0.01294634 | M17: 0.024707004 | N17: -0.018879848 | O17: -0.051570052 | P17: -0.14087885 | Q17: 1 | R17: =Q18 -> 0.063491619 | S17: =Q19 -> 0.54074584 | T17: =Q20 -> 0.18099224 | U17: =Q21 -> 0.8913234 | V17: =Q22 -> 0.17923951 | W17: =Q23 -> 0.928011 | X17: =Q24 -> 0.060708508
A18: BNP Paribas RF FIF RF | B18: 0.0010488747 | C18: 0.49932202 | D18: 0.030744258 | E18: 0.23031008 | F18: 0.20322678 | G18: 0.062566272 | H18: -0.044518309 | I18: 0.046133686 | J18: 0.10026271 | K18: 0.16791746 | L18: -0.034375016 | M18: 0.0052869583 | N18: 0.08929846 | O18: 0.10164858 | P18: -0.082492754 | Q18: 0.063491619 | R18: 1 | S18: =R19 -> 0.38005336 | T18: =R20 -> 0.63511531 | U18: =R21 -> 0.26869959 | V18: =R22 -> 0.62959592 | W18: =R23 -> 0.096207889 | X18: =R24 -> 0.11972124
A19: Daycoval Classic CIC FIRF CP RL | B19: 0.097765239 | C19: 0.14791364 | D19: 0.207491 | E19: -0.11858295 | F19: 0.073914711 | G19: -0.12901993 | H19: 0.15688044 | I19: -0.2136412 | J19: -0.050824244 | K19: 0.01211113 | L19: -0.23194221 | M19: -0.22922727 | N19: 0.021260849 | O19: -0.19609227 | P19: -0.35418483 | Q19: 0.54074584 | R19: 0.38005336 | S19: 1 | T19: =S20 -> 0.56155237 | U19: =S21 -> 0.62292149 | V19: =S22 -> 0.53953969 | W19: =S23 -> 0.59767633 | X19: =S24 -> -0.026453524
A20: Plural Yield FIF RF Referenciado DI RL | B20: 0.03952157 | C20: 0.12670057 | D20: 0.18458737 | E20: -0.0094296017 | F20: 0.30320449 | G20: 0.11393762 | H20: 0.012415681 | I20: 0.073918174 | J20: 0.12572673 | K20: 0.077678232 | L20: -0.13834312 | M20: -0.1172959 | N20: -0.17286651 | O20: -0.083492052 | P20: -0.38540181 | Q20: 0.18099224 | R20: 0.63511531 | S20: 0.56155237 | T20: 1 | U20: =T21 -> 0.26435421 | V20: =T22 -> 0.99253114 | W20: =T23 -> 0.12594527 | X20: =T24 -> 0.024967368
A21: Sparta Debêntures Incentivadas 45 FIC de FIF Infra RF RL | B21: 0.18957775 | C21: 0.14261547 | D21: -0.023795791 | E21: 0.11951629 | F21: 0.20018697 | G21: 0.14498279 | H21: -0.081183763 | I21: 0.12784106 | J21: 0.19593706 | K21: 0.11443687 | L21: -0.042562452 | M21: -0.013699472 | N21: 0.054065814 | O21: -0.042935757 | P21: -0.19412479 | Q21: 0.8913234 | R21: 0.26869959 | S21: 0.62292149 | T21: 0.26435421 | U21: 1 | V21: =U22 -> 0.25230611 | W21: =U23 -> 0.9130758 | X21: =U24 -> 0.035770046
A22: Trend Investback FIC FIRF Simples RL | B22: 0.039635113 | C22: 0.09848734 | D22: 0.18774062 | E22: -0.017267552 | F22: 0.30078011 | G22: 0.1143639 | H22: -0.0022935595 | I22: 0.055366234 | J22: 0.1262157 | K22: 0.062201745 | L22: -0.14456751 | M22: -0.11494441 | N22: -0.14633077 | O22: -0.095720048 | P22: -0.37132628 | Q22: 0.17923951 | R22: 0.62959592 | S22: 0.53953969 | T22: 0.99253114 | U22: 0.25230611 | V22: 1 | W22: =V23 -> 0.11835535 | X22: =V24 -> 0.016902616
A23: XP Debêntures Incentivadas CDI CP FIF Incentivado de Investimento em Infra RF RL | B23: 0.10001221 | C23: 0.039483985 | D23: -0.10072936 | E23: -0.070335362 | F23: 0.094457095 | G23: 0.11507058 | H23: -0.055267841 | I23: 0.11643162 | J23: 0.085481132 | K23: 0.061998162 | L23: -0.027541936 | M23: -0.031487323 | N23: -0.037468167 | O23: -0.16348217 | P23: -0.089741524 | Q23: 0.928011 | R23: 0.096207889 | S23: 0.59767633 | T23: 0.12594527 | U23: 0.9130758 | V23: 0.11835535 | W23: 1 | X23: =W24 -> -0.030356293
A24: JP Morgan Global High Yield Bond A (acc) - USD | B24: 0.27591846 | C24: 0.39316056 | D24: 0.13028583 | E24: 0.251747 | F24: 0.4004112 | G24: 0.53600534 | H24: 0.59617437 | I24: 0.31074832 | J24: 0.57166501 | K24: 0.85038125 | L24: 0.40999051 | M24: 0.45297752 | N24: -0.041801446 | O24: 0.41534466 | P24: -0.24504342 | Q24: 0.060708508 | R24: 0.11972124 | S24: -0.026453524 | T24: 0.024967368 | U24: 0.035770046 | V24: 0.016902616 | W24: -0.030356293 | X24: 1

Sheet Estimativa retorno carteira
B1: PETR4 | C1: ITUB4 | D1: VALE3 | E1: BBAS3 | F1: GOOGL | G1: NVDA | H1: NDAQ | I1: META | J1: AMZN | K1: VOO | L1: QBTC11 | M1: BTC | N1: USDC | O1: SOL | P1: CRA M. DIAS BRANCO - MAR/2031 - IPC-A + 4,14% | Q1: ARX Hedge FIC Incentivado Financeiro em Infra RF RL | R1: BNP Paribas RF FIF RF | S1: Daycoval Classic CIC FIRF CP RL | T1: Plural Yield FIF RF Referenciado DI RL | U1: Sparta Debêntures Incentivadas 45 FIC de FIF Infra RF RL | V1: Trend Investback FIC FIRF Simples RL | W1: XP Debêntures Incentivadas CDI CP FIF Incentivado de Investimento em Infra RF RL | X1: JP Morgan Global High Yield Bond
A2: Retorno (médio) | B2: =AVERAGE('Dados - Histórico retorno'!B$2:B$49) -> 0.025421131 | C2: =AVERAGE('Dados - Histórico retorno'!C$2:C$49) -> 0.020290774 | D2: =AVERAGE('Dados - Histórico retorno'!D$2:D$49) -> 0.008346131 | E2: =AVERAGE('Dados - Histórico retorno'!E$2:E$49) -> 0.016475595 | F2: =AVERAGE('Dados - Histórico retorno'!F$2:F$49) -> 0.020689286 | G2: =AVERAGE('Dados - Histórico retorno'!G$2:G$49) -> 0.05290744 | H2: =AVERAGE('Dados - Histórico retorno'!H$2:H$49) -> 0.013924702 | I2: =AVERAGE('Dados - Histórico retorno'!I$2:I$49) -> 0.022684821 | ... X2: =AVERAGE('Dados - Histórico retorno'!X$2:X$49) -> 0.0039302612
A3: Peso na carteira | B3: 0 | C3: 0 | D3: 0 | E3: 0 | F3: 0 | G3: 0 | H3: 0 | I3: 0 | J3: 0 | K3: 0 | L3: 0 | M3: 0 | N3: 0 | O3: 1 | P3: 0 | Q3: 0 | R3: 0 | S3: 0 | T3: 0 | U3: 0 | V3: 0 | W3: 0 | X3: 0
A5: Soma pessos | B5: =SUM(intervalo_pesos) -> 1
A7: Retorno Portifólio | B7: =SUMPRODUCT(B2:X2,B3:X3)/SUM(B3:X3) -> 0.05313244
A8: Variânci Portifólio | B8: {=MMULT(MMULT((intervalo_pesos),matriz_covariancia),TRANSPOSE(intervalo_pesos))} -> 0.12097168
A9: Desvio padrão (Volatilidade) | B9: =SQRT(B8) -> 0.34780984
A11: CDI a.a | B11: 0.149
A12: CDI a.m | B12: =(1+B11)^(1/12)-1 -> 0.011641575
A13: Índice de Sharpe | B13: =(B7-B12)/B9 -> 0.11929181
B17: Retorno Portifólio | C17: Volatilizade | D17: Observação
A18: 1 | B18: 0.018309962 | C18: 0.0010101988 | D18: CMV
A19: 2 | B19: 0.05313244 | C19: 0.34780984
A20: 3
A21: 4
A22: 5
A23: 6
A24: 7
A25: 8
A26: 9
A27: 10
A28: 11
A29: 12
A30: 13
A31: 14
... A37: 20

Sheet Planilha9
A1: Ativo | B1: Peso Atual
A2: CRA REDE SIM - FEV/2030 - 16,95% | B2: 0.16225441
A3: Sulamérica Crédito ESG XP Seg Prev FIC RF CP IS RL | B3: 0.089728094
A4: ARX Hedge FIC Incentivado Financeiro em Infra RF RL | B4: 0.078765289
A5: BTC | B5: 0.074895385
A6: CRA MARFRIG - MAR/2034 - IPC-A + 6,80% | B6: 0.065324082
A7: XP Balanceado Fundo Mútuo de Privatização - FGTS Carteira Livre RL | B7: 0.065468291
A8: DEB ENGIE - SET/2030 - 13,30% | B8: 0.062286371
A9: CRA JBS - SET/2038 - IPC-A + 6,30% | B9: 0.061428877
A10: Valora CRI CDI Renda+ FII RL | B10: 0.059694255
A11: XP Debêntures Incentivadas CDI CP FIF Incentivado de Investimento em Infra RF RL | B11: 0.053956858
A12: DEB AEGEA RIO SPE4 - SET/2042 - IPC-A + 7,69% | B12: 0.044096578
A13: USDC | B13: 0.027413108
... A37: KDIF11 | B37: 7.6515015e-05
